/home/james/autopar/openacc-gi/openacc-gi-experiment/setup/NPB3.3-SER-C/LU/buts.c,62,,,
/home/james/autopar/openacc-gi/openacc-gi-experiment/setup/NPB3.3-SER-C/LU/buts.c,64,,,
/home/james/autopar/openacc-gi/openacc-gi-experiment/setup/NPB3.3-SER-C/LU/buts.c,66,,,
/home/james/autopar/openacc-gi/openacc-gi-experiment/setup/NPB3.3-SER-C/LU/buts.c,78,,,
/home/james/autopar/openacc-gi/openacc-gi-experiment/setup/NPB3.3-SER-C/LU/buts.c,80,,,
/home/james/autopar/openacc-gi/openacc-gi-experiment/setup/NPB3.3-SER-C/LU/buts.c,82,,,
/home/james/autopar/openacc-gi/openacc-gi-experiment/setup/NPB3.3-SER-C/LU/buts.c,93,,,
/home/james/autopar/openacc-gi/openacc-gi-experiment/setup/NPB3.3-SER-C/LU/rhs.c,76,,,
/home/james/autopar/openacc-gi/openacc-gi-experiment/setup/NPB3.3-SER-C/LU/rhs.c,78,,,
/home/james/autopar/openacc-gi/openacc-gi-experiment/setup/NPB3.3-SER-C/LU/rhs.c,80,,,
/home/james/autopar/openacc-gi/openacc-gi-experiment/setup/NPB3.3-SER-C/LU/rhs.c,82,,,
/home/james/autopar/openacc-gi/openacc-gi-experiment/setup/NPB3.3-SER-C/LU/rhs.c,107,,,
/home/james/autopar/openacc-gi/openacc-gi-experiment/setup/NPB3.3-SER-C/LU/rhs.c,109,,,
/home/james/autopar/openacc-gi/openacc-gi-experiment/setup/NPB3.3-SER-C/LU/rhs.c,111,,,
/home/james/autopar/openacc-gi/openacc-gi-experiment/setup/NPB3.3-SER-C/LU/rhs.c,132,,,
/home/james/autopar/openacc-gi/openacc-gi-experiment/setup/NPB3.3-SER-C/LU/rhs.c,134,,,
/home/james/autopar/openacc-gi/openacc-gi-experiment/setup/NPB3.3-SER-C/LU/rhs.c,144,,,
/home/james/autopar/openacc-gi/openacc-gi-experiment/setup/NPB3.3-SER-C/LU/rhs.c,185,,,
/home/james/autopar/openacc-gi/openacc-gi-experiment/setup/NPB3.3-SER-C/LU/rhs.c,212,,,
/home/james/autopar/openacc-gi/openacc-gi-experiment/setup/NPB3.3-SER-C/LU/rhs.c,223,,,
/home/james/autopar/openacc-gi/openacc-gi-experiment/setup/NPB3.3-SER-C/LU/rhs.c,225,,,
/home/james/autopar/openacc-gi/openacc-gi-experiment/setup/NPB3.3-SER-C/LU/rhs.c,236,,,
/home/james/autopar/openacc-gi/openacc-gi-experiment/setup/NPB3.3-SER-C/LU/rhs.c,259,,,
/home/james/autopar/openacc-gi/openacc-gi-experiment/setup/NPB3.3-SER-C/LU/rhs.c,261,,,
/home/james/autopar/openacc-gi/openacc-gi-experiment/setup/NPB3.3-SER-C/LU/rhs.c,263,,,
/home/james/autopar/openacc-gi/openacc-gi-experiment/setup/NPB3.3-SER-C/LU/rhs.c,284,,,
/home/james/autopar/openacc-gi/openacc-gi-experiment/setup/NPB3.3-SER-C/LU/rhs.c,286,,,
/home/james/autopar/openacc-gi/openacc-gi-experiment/setup/NPB3.3-SER-C/LU/rhs.c,296,,,
/home/james/autopar/openacc-gi/openacc-gi-experiment/setup/NPB3.3-SER-C/LU/rhs.c,336,,,
/home/james/autopar/openacc-gi/openacc-gi-experiment/setup/NPB3.3-SER-C/LU/rhs.c,369,,,
/home/james/autopar/openacc-gi/openacc-gi-experiment/setup/NPB3.3-SER-C/LU/rhs.c,371,,,
/home/james/autopar/openacc-gi/openacc-gi-experiment/setup/NPB3.3-SER-C/LU/rhs.c,384,,,
/home/james/autopar/openacc-gi/openacc-gi-experiment/setup/NPB3.3-SER-C/LU/rhs.c,386,,,
/home/james/autopar/openacc-gi/openacc-gi-experiment/setup/NPB3.3-SER-C/LU/rhs.c,388,,,
/home/james/autopar/openacc-gi/openacc-gi-experiment/setup/NPB3.3-SER-C/LU/rhs.c,400,,,
/home/james/autopar/openacc-gi/openacc-gi-experiment/setup/NPB3.3-SER-C/LU/rhs.c,402,,,
/home/james/autopar/openacc-gi/openacc-gi-experiment/setup/NPB3.3-SER-C/LU/rhs.c,425,,,
/home/james/autopar/openacc-gi/openacc-gi-experiment/setup/NPB3.3-SER-C/LU/rhs.c,427,,,
/home/james/autopar/openacc-gi/openacc-gi-experiment/setup/NPB3.3-SER-C/LU/rhs.c,429,,,
/home/james/autopar/openacc-gi/openacc-gi-experiment/setup/NPB3.3-SER-C/LU/rhs.c,445,,,
/home/james/autopar/openacc-gi/openacc-gi-experiment/setup/NPB3.3-SER-C/LU/rhs.c,466,,,
/home/james/autopar/openacc-gi/openacc-gi-experiment/setup/NPB3.3-SER-C/LU/rhs.c,468,,,
/home/james/autopar/openacc-gi/openacc-gi-experiment/setup/NPB3.3-SER-C/LU/rhs.c,478,,,
/home/james/autopar/openacc-gi/openacc-gi-experiment/setup/NPB3.3-SER-C/LU/rhs.c,519,,,
/home/james/autopar/openacc-gi/openacc-gi-experiment/setup/NPB3.3-SER-C/LU/rhs.c,546,,,
/home/james/autopar/openacc-gi/openacc-gi-experiment/setup/NPB3.3-SER-C/LU/rhs.c,557,,,
/home/james/autopar/openacc-gi/openacc-gi-experiment/setup/NPB3.3-SER-C/LU/rhs.c,559,,,
/home/james/autopar/openacc-gi/openacc-gi-experiment/setup/NPB3.3-SER-C/LU/rhs.c,569,,,
/home/james/autopar/openacc-gi/openacc-gi-experiment/setup/NPB3.3-SER-C/LU/jacld.c,68,,,
/home/james/autopar/openacc-gi/openacc-gi-experiment/setup/NPB3.3-SER-C/LU/jacld.c,70,,,
/home/james/autopar/openacc-gi/openacc-gi-experiment/setup/NPB3.3-SER-C/LU/blts.c,70,,,
/home/james/autopar/openacc-gi/openacc-gi-experiment/setup/NPB3.3-SER-C/LU/blts.c,72,,,
/home/james/autopar/openacc-gi/openacc-gi-experiment/setup/NPB3.3-SER-C/LU/blts.c,74,,,
/home/james/autopar/openacc-gi/openacc-gi-experiment/setup/NPB3.3-SER-C/LU/blts.c,86,,,
/home/james/autopar/openacc-gi/openacc-gi-experiment/setup/NPB3.3-SER-C/LU/blts.c,88,,,
/home/james/autopar/openacc-gi/openacc-gi-experiment/setup/NPB3.3-SER-C/LU/blts.c,90,,,
/home/james/autopar/openacc-gi/openacc-gi-experiment/setup/NPB3.3-SER-C/LU/blts.c,103,,,
/home/james/autopar/openacc-gi/openacc-gi-experiment/setup/NPB3.3-SER-C/LU/jacu.c,68,,,
/home/james/autopar/openacc-gi/openacc-gi-experiment/setup/NPB3.3-SER-C/LU/jacu.c,70,,,
/home/james/autopar/openacc-gi/openacc-gi-experiment/setup/NPB3.3-SER-C/LU/lu.c,317,,,
/home/james/autopar/openacc-gi/openacc-gi-experiment/setup/NPB3.3-SER-C/LU/lu.c,330,,,
